{
"Omega_m": 0.307,
"Omega_b": 0.0462,
"sigma_8": 0.828, 
"h": 0.677, 
"n_s": 0.9667, 
"N_eff": 3.046, 
"w": -1, 
"M_sat": 1.083168e+15,
"alpha": 6.521384e-01, 
"M_cut": 1.382487e+11, 
"sigma_logM": 5.803228e-01, 
"v_bc": 3.232550e-01,
"v_bs": 1.040369e+00,
"c_vir": 3.390789e-01,
"f": 0.801,
"f_env": 0.0, 
"delta_env": 1.0, 
"sigma_env": 0.5
}